-0.199 ; -0.20791 ; -0.1 ; -0.19 ; -1.0 ; -1.0 ; 
-2.5009346825183814 ; -2.3769427006005097 ; -3.33508669717501 ; -2.5360679709388947 ; 1.6196722434892243 ; -6.756598838640116 ; 
1.2887337264524106 ; 1.34631174444405 ; -0.9094788908175542 ; 4.145098637923133 ; 7.71459067593326 ; -4.371058007905093 ; 
-1.4799991427223163 ; -1.3828687661756711 ; -2.253697237741525 ; -2.2631948153237977 ; 2.9122026114097532 ; -6.86901904737906 ; 
-5.826459940589503 ; -5.814486321125223 ; -5.827806646070032 ; -5.8106639128989475 ; -9.399153296653578 ; -10.273950014859427 ; 
0.0 ; 0.0 ; 0.0 ; 0.0 ; 0.0 ; 0.0 ; 
-5.6140767967148495 ; -5.655748476517813 ; -5.669354757684535 ; -5.656223495056344 ; -8.260071049232481 ; -6.897490615484683 ; 
-4.473061984373779 ; -4.512258798981018 ; -4.516178182051015 ; -4.5615180359843635 ; -8.481919129822488 ; -9.569984938441465 ; 
-3.3271660037117874 ; -3.622472863882986 ; -3.6056535567819443 ; -3.625562508253949 ; -4.510452290683907 ; -4.8500280123465345 ; 
-4.669740251318581 ; -5.0393317323422915 ; -5.0263192585568595 ; -5.114049705373469 ; -7.423864128215671 ; -5.832321443455484 ; 
0.0 ; 0.0 ; 0.0 ; 0.0 ; 0.0 ; 0.0 ; 
-3.819556659622248 ; -4.7358530721423415 ; -4.722375566754563 ; -4.73613285311169 ; -5.396785161416921 ; -7.472383540980365 ; 
-5.292115851627186 ; -5.321607687639816 ; -5.269317300365657 ; -5.279577485930528 ; -5.998785742042992 ; -8.916027014707288 ; 
-4.362790933962648 ; -4.333209699516715 ; -4.398753506679452 ; -4.356453808211331 ; -5.675639694484051 ; -4.820716202351852 ; 
-5.286025541948416 ; -5.288853771453519 ; -5.263826480140821 ; -5.29071919612905 ; -7.337262667879741 ; -8.046245636213722 ; 
0.0 ; 0.0 ; 0.0 ; 0.0 ; 0.0 ; 0.0 ; 
10.913001163125676 ; 15.223710206581428 ; 8.945471904955884 ; 15.387622865376771 ; 7.0736789895701895 ; 19.909999999999982 ; 
2.9135467644795288 ; -0.4932965531380914 ; -2.6158372130891596 ; -1.8615912272420077 ; -6.383487509312411 ; -2.2469074163748814 ; 
9.682986393495321 ; 2.3735871544011475 ; -0.49908596637547464 ; 3.826747816436729 ; -1.9897008647582042 ; 1.1680883122949455 ; 
4.3485419333320126 ; 0.6749963459734247 ; -2.2105742381872835 ; -0.3450247791128585 ; -5.288164164634737 ; -0.4938324207194924 ; 
0.0 ; 0.0 ; 0.0 ; 0.0 ; 0.0 ; 0.0 ; 
-3.8284762130693304 ; -3.7112257749928443 ; -3.7432599153394577 ; -1.4706890602670302 ; -3.8903456681477255 ; -5.586270403255603 ; 
-2.1944917564954496 ; -1.8696459851805862 ; -2.14315751066994 ; 4.11501207520539 ; -3.3638909038279845 ; -2.8782895044291577 ; 
-3.4691435658632948 ; -3.0836797120139376 ; -3.1543548546116296 ; 0.5543305478977228 ; -5.197473511148511 ; -6.95295909834968 ; 
-5.780201429880321 ; -5.81863445563193 ; -5.81339352838554 ; -5.823145927458989 ; -7.51646131811122 ; -8.431212739531649 ; 
0.0 ; 0.0 ; 0.0 ; 0.0 ; 0.0 ; 0.0 ; 
-5.630955707428375 ; -5.608476153741804 ; -5.6106574171173005 ; -5.614714687586791 ; -9.371685887955197 ; -9.091931121777495 ; 
-4.431358935483014 ; -4.4731441646638 ; -4.464263353385325 ; -4.448086641299261 ; -5.608686332033207 ; -7.708167065029137 ; 
-3.654131404811986 ; -3.8223349792634624 ; -3.8780254085405628 ; -3.791273063204052 ; -6.437614343183822 ; -4.736817868524511 ; 
-5.041376390685186 ; -5.145010913696629 ; -5.098132956567212 ; -5.106660878854592 ; -6.6747897556020055 ; -6.352859692458334 ; 
0.0 ; 0.0 ; 0.0 ; 0.0 ; 0.0 ; 0.0 ; 
-4.607501628517509 ; -4.8836331484526765 ; -4.919466947107059 ; -4.858556080250527 ; -7.822228788160066 ; -6.240534399701187 ; 
-5.208678329495369 ; -5.2772259037417095 ; -5.32949436049355 ; -5.277231500960966 ; -9.175723912955617 ; -9.78552220686458 ; 
-4.290295675775283 ; -4.3580319960559235 ; -4.340280418046916 ; -4.336950747979871 ; -4.73659884321021 ; -7.730251834483626 ; 
-5.125346727452198 ; -5.188604270838905 ; -5.150086297258368 ; -5.193795335419461 ; -7.995425495095915 ; -8.745793551682947 ; 
0.0 ; 0.0 ; 0.0 ; 0.0 ; 0.0 ; 0.0 ; 
1.7463617197087 ; 2.9575619585514508 ; 0.7034177028480533 ; 15.289881275507673 ; -1.0286075157727719 ; -1.0 ; 
-0.17546600237180143 ; -2.5070958717964813 ; -2.5519208230404606 ; -2.524071552686551 ; -4.407070426190684 ; -5.28112918395954 ; 
-0.7235459589467388 ; -1.1245562219669345 ; -1.144970236081388 ; 3.468640008610236 ; -3.0889959992881693 ; -1.9900000000000002 ; 
1.049773908026929 ; -1.9637756647886957 ; -2.138639503108695 ; -2.1910952952441445 ; -3.7995150395907675 ; -4.495253083932457 ; 
0.0 ; 0.0 ; 0.0 ; 0.0 ; 0.0 ; 0.0 ; 
-5.337786151422628 ; -5.520871266422616 ; -5.508487749815881 ; -5.512302966148531 ; -8.24716910670307 ; -5.772628013753432 ; 
-3.2668344546059966 ; -3.9487356396893576 ; -3.9583207019714517 ; -3.937096256819738 ; -6.228410962023461 ; -8.133408047838433 ; 
-5.1772042257598025 ; -5.323465142424688 ; -5.329539685279239 ; -5.333121251991801 ; -9.14378686915478 ; -7.417108496909224 ; 
-4.136638677848251 ; -4.16918632461006 ; -3.2873936534275767 ; -4.180765593679169 ; -5.692607578590189 ; -4.880971056846936 ; 
0.0 ; 0.0 ; 0.0 ; 0.0 ; 0.0 ; 0.0 ; 
-4.293309605238865 ; -4.23190176994984 ; -2.6020345104899043 ; -4.241236582508943 ; -6.105612773786299 ; -6.0912727296411 ; 
-2.8641364910594187 ; -2.8508180731544446 ; 0.5033664622153018 ; -2.894463675875333 ; -4.478177651264408 ; -4.4765116619051515 ; 
-4.262099381459983 ; -4.502123010801394 ; -4.508125904040015 ; -4.509204537933305 ; -5.589350491887075 ; -4.7897265635498325 ; 
-5.744188996644791 ; -5.773510002816289 ; -5.790432676127859 ; -5.786577151927185 ; -7.294160804696517 ; -7.603631653677772 ; 
0.0 ; 0.0 ; 0.0 ; 0.0 ; 0.0 ; 0.0 ; 
-5.2243346911358355 ; -5.505784270705255 ; -5.5280790024336754 ; -5.478628183795462 ; -6.379844366459476 ; -6.403396032526205 ; 
-4.5052263147882305 ; -4.62655783909983 ; -4.64232496796673 ; -4.632653893341812 ; -6.869811697622895 ; -5.630730471282385 ; 
-3.2358291357890296 ; -3.5573118987562737 ; -3.5600610087490496 ; -3.564160701340291 ; -4.736124100808171 ; -5.507361386572726 ; 
-4.52692678024682 ; -4.523319498943239 ; -4.521304960867254 ; -4.57959591652764 ; -6.565915540570059 ; -7.056349188473803 ; 
0.0 ; 0.0 ; 0.0 ; 0.0 ; 0.0 ; 0.0 ; 
-1.6251079620331814 ; -2.1338957290848852 ; 0.7023833512065156 ; -2.0603759031178477 ; -5.840575584464576 ; -6.169000895191931 ; 
-0.34792411974023196 ; -0.27890583707133415 ; 1.9670334612845624 ; -0.28748149319543903 ; -2.638272493195439 ; -1.0 ; 
1.430083912520844 ; -1.8357817891257722 ; -2.067186895164438 ; -1.9836941046095409 ; -2.939937614694921 ; -2.897681598543797 ; 
-1.0768799155540407 ; -1.1901798999814193 ; 0.37901572799126015 ; -1.132393114312479 ; -1.969177665320641 ; -2.8342047335159792 ; 
0.0 ; 0.0 ; 0.0 ; 0.0 ; 0.0 ; 0.0 ; 
-5.61926786589727 ; -5.592134416204821 ; -5.628490184869361 ; -5.625860838354039 ; -8.143464875731103 ; -10.366808786844317 ; 
-4.051612516083194 ; -4.065442564584508 ; -4.099952395734589 ; -4.044249088934526 ; -6.301438474651634 ; -5.603664417510108 ; 
-5.388265748398129 ; -5.37444288928519 ; -5.37808795537676 ; -5.397132540495266 ; -5.681159725596155 ; -7.335379543497643 ; 
-3.6392857652355497 ; -3.876146348397095 ; -0.32078417247975816 ; -3.865411342537056 ; -8.110936812238958 ; -7.9243854167000505 ; 
0.0 ; 0.0 ; 0.0 ; 0.0 ; 0.0 ; 0.0 ; 
-3.8612870697179593 ; -2.83928758890089 ; 0.4102125926605302 ; -4.028663174821698 ; -6.7576370093594385 ; -6.799868364225213 ; 
-1.7453065082703254 ; -1.1335041681937486 ; 4.338709909987734 ; -2.2416947543177876 ; -3.7004993890523803 ; -4.806319213445466 ; 
-4.43865674293222 ; -4.634588862011563 ; -4.671848357533947 ; -4.629032798908927 ; -4.85584376654162 ; -6.074140134603737 ; 
-5.857850967284652 ; -5.855470140623182 ; -5.879863245693185 ; -5.861956432817072 ; -9.892642056475223 ; -8.839148732423318 ; 
0.0 ; 0.0 ; 0.0 ; 0.0 ; 0.0 ; 0.0 ; 
-5.520165604236224 ; -5.5989287544572575 ; -5.6454757911325615 ; -5.617040153336294 ; -7.364783068222436 ; -7.546534116433699 ; 
-4.165500951248571 ; -4.576812854155104 ; -4.563485567461253 ; -4.514372916927954 ; -6.285935800161013 ; -5.797249416103357 ; 
-3.0785033893764955 ; -3.4372969527633335 ; -3.400401002334957 ; -3.5304819596093786 ; -4.702852282215692 ; -4.823424405043885 ; 
-3.8040495337881812 ; -4.4600316766242365 ; -4.495388275158343 ; -4.469066500840394 ; -5.258924488705245 ; -6.09611430302937 ; 
0.0 ; 0.0 ; 0.0 ; 0.0 ; 0.0 ; 0.0 ; 
4.305857573676463 ; 0.12225041534761177 ; 0.04371712528683974 ; -1.9711355744398633 ; -4.754721746731918 ; -5.224267099833024 ; 
1.2748131387845405 ; 1.1259489493345505 ; 16.08910684064887 ; -0.11017249319543905 ; -0.9161913023542235 ; -0.40702811771770553 ; 
4.348470058208641 ; -0.18077050086409335 ; -1.3321068035678345 ; -1.9063641678429524 ; -5.647449841421599 ; -4.0007908312389855 ; 
8.149090480913703 ; -1.0886644792258227 ; 0.26492107004101173 ; -1.2945884220127157 ; -1.9267309000000001 ; -2.7674153200000005 ; 
0.0 ; 0.0 ; 0.0 ; 0.0 ; 0.0 ; 0.0 ; 
-5.6889484400235775 ; -5.682228750330395 ; -5.720218104892265 ; -5.69431847468163 ; -8.235640257990271 ; -10.463800106704715 ; 
-4.1805217796065754 ; -4.129632180625154 ; -4.129632180625154 ; -4.171242921251987 ; -4.791576364204421 ; -5.532726272365153 ; 
-5.515669358834236 ; -5.516600676091449 ; -5.508687489570042 ; -5.494188975908932 ; -7.018825500842448 ; -7.611991880949209 ; 
-2.102683598049535 ; -1.9046282265937131 ; -1.5494859192383095 ; -2.6935318963864825 ; 1.5875540656831197 ; -7.99961489969184 ; 
0.0 ; 0.0 ; 0.0 ; 0.0 ; 0.0 ; 0.0 ; 
-3.3717192073827014 ; -2.4689801584093507 ; -2.2826437967192224 ; -2.423515579583683 ; 1.6147646652918668 ; -5.731860835195898 ; 
-1.1338681922261367 ; 2.7395811850766307 ; 0.6906252909297161 ; 0.02907415715995415 ; 5.941981749171921 ; -4.65321413688533 ; 
-4.738582100739209 ; -4.737183666259896 ; -4.778359522056396 ; -4.761741907210301 ; -9.046067412236537 ; -6.487932533498155 ; 
-5.929832742512263 ; -5.9035751741472495 ; -5.8962330992782395 ; -5.8951130690262055 ; -8.382403399704089 ; -7.249803565730497 ; 
0.0 ; 0.0 ; 0.0 ; 0.0 ; 0.0 ; 0.0 ; 
-5.710520005914828 ; -5.689961815937633 ; -5.684788591157114 ; -5.67758633489532 ; -10.19276595767023 ; -7.948247507779199 ; 
-4.5869585262014185 ; -4.663875684804426 ; -4.626921033354153 ; -4.614724596839748 ; -4.940261840457071 ; -5.845389676537222 ; 
-3.4694539396821473 ; -3.489743838366531 ; -3.4885095198422458 ; -3.4956387645752667 ; -4.389514649421114 ; -4.690987123966524 ; 
-4.53323407117675 ; -4.554163991699505 ; -4.523629469412563 ; -4.539003625766264 ; -4.797683174893545 ; -5.668852476542669 ; 
0.0 ; 0.0 ; 0.0 ; 0.0 ; 0.0 ; 0.0 ; 
-1.4015175032058285 ; -1.376964385894544 ; -0.528193930552312 ; 2.8752428685672164 ; -7.256296750985143 ; -1.4619391625941613 ; 
12.355314194107542 ; 15.128498312444327 ; 14.063419611365633 ; 10.719067290185864 ; 6.5780024778429365 ; 19.999999999999986 ; 
-2.7126405336509087 ; -1.2736670915119985 ; -1.3954408383656458 ; 2.9117500753047385 ; -5.539182850002326 ; -1.984103285588927 ; 
7.71446750661559 ; 2.7394151423659676 ; 1.9472201443694892 ; 2.673965082984565 ; -3.4103296646971395 ; 1.5776879553165668 ; 
0.0 ; 0.0 ; 0.0 ; 0.0 ; 0.0 ; 0.0 ; 
-3.966732945160162 ; 0.44851502842630936 ; -3.6832809295572697 ; -3.255526443201331 ; -7.1222548470386275 ; -7.527654952818212 ; 
-1.4946302311996758 ; 5.9424123072890636 ; 0.4203970456652461 ; 0.3771202645316848 ; -4.717388112918873 ; -4.252954743668353 ; 
-3.428664946880154 ; 1.6143546120333625 ; -2.1943109476898193 ; -2.6658389682014327 ; -7.670816267855977 ; -5.980236073160444 ; 
-5.761568490599656 ; -5.77424835195252 ; -5.721318538871792 ; -5.773736394535989 ; -9.144319406370474 ; -7.016526147028287 ; 
0.0 ; 0.0 ; 0.0 ; 0.0 ; 0.0 ; 0.0 ; 
-5.586050616629583 ; -5.616922508294108 ; -5.608606619140673 ; -5.600344449836815 ; -7.965970878641917 ; -8.246630028523542 ; 
-4.469191184130911 ; -4.50798676716375 ; -4.464724286820192 ; -4.554602721031118 ; -5.707213057852348 ; -6.581339060198095 ; 
0.11815497004735387 ; -3.440448240336952 ; -3.4062074756619642 ; -3.3697594525394403 ; -4.741897834544663 ; -5.231509616299445 ; 
-2.4282556260212287 ; -4.933163860548048 ; -5.017289655381951 ; -4.869779494356481 ; -6.041137517600519 ; -6.501632772314232 ; 
0.0 ; 0.0 ; 0.0 ; 0.0 ; 0.0 ; 0.0 ; 
-1.4755749997171146 ; -4.719150705842172 ; -4.677307692672461 ; -4.200944359913565 ; -7.826541620472811 ; -6.741570026130339 ; 
-5.089435081248514 ; -5.2550539217245005 ; -5.262781127757189 ; -5.288604852828383 ; -7.018506316806805 ; -5.47853627192889 ; 
-4.1117573129876925 ; -4.2409627653418065 ; -4.18872776683447 ; -4.182382384984614 ; -6.351031740394248 ; -6.669300514103851 ; 
-4.927101523638639 ; -5.128879953885905 ; -5.0958578850372795 ; -5.134961084737935 ; -8.192349236031145 ; -6.505818657999805 ; 
0.0 ; 0.0 ; 0.0 ; 0.0 ; 0.0 ; 0.0 ; 
9.037665318064201 ; 16.91899999999997 ; 7.8645964897145335 ; 11.033810117636666 ; 4.8070822620172216 ; 4.492251396372711 ; 
4.348874699281993 ; -0.8641327020232632 ; -0.9558193423433651 ; -0.5999977350682417 ; -5.108724935970964 ; -4.015365112652688 ; 
11.869999611174302 ; 1.4028937471085916 ; 1.2595635739960496 ; 5.891045162291724 ; -0.12188201066820654 ; -0.04266709190160342 ; 
5.943193221005184 ; -0.04570334917526009 ; 0.7672166737967989 ; 0.9468138019799384 ; -4.047428085823459 ; -3.919878495416248 ; 
0.0 ; 0.0 ; 0.0 ; 0.0 ; 0.0 ; 0.0 ; 
-4.236521603337092 ; -4.145176847674628 ; -4.016587468618838 ; -0.6301181269411659 ; -7.1977695733926215 ; -5.309694699685665 ; 
-1.002226758343809 ; -1.6751756149278307 ; -1.024994606648316 ; 4.342030742776877 ; -5.041366804067944 ; -3.7847104583113267 ; 
-3.377535485633534 ; -3.816071904376733 ; -2.5841373744067413 ; 0.42257110385610935 ; -5.7909885036814295 ; -6.353830376444349 ; 
-4.9986742956504076 ; -5.6037306027067295 ; -5.666874199878807 ; -5.574691558504467 ; -8.37598600242809 ; -7.428471652386925 ; 
0.0 ; 0.0 ; 0.0 ; 0.0 ; 0.0 ; 0.0 ; 
-5.524548321474981 ; -5.520753251424113 ; -5.56352127607634 ; -5.527303637996063 ; -7.347119261046407 ; -7.779090752346286 ; 
-3.561602353052465 ; -4.281163584517129 ; -4.356817545666712 ; -4.346062041874921 ; -8.47269118378854 ; -7.167153902380203 ; 
-0.7488696353287192 ; -3.7587063791893613 ; -3.625963986448003 ; -3.584194138062068 ; -6.760827062552499 ; -4.521936427563201 ; 
-3.6171913985889415 ; -5.029922334423376 ; -5.116510383734167 ; -4.985573800523346 ; -7.335419219710412 ; -6.625516453471861 ; 
0.0 ; 0.0 ; 0.0 ; 0.0 ; 0.0 ; 0.0 ; 
-2.750583108089786 ; -4.871456466178222 ; -4.747871039597602 ; -4.563045791026381 ; -6.697334273667705 ; -6.070481668001271 ; 
-4.236152883540586 ; -5.157987028484582 ; -5.2230100071674554 ; -5.188647906808215 ; -7.927109746790209 ; -10.424713244635036 ; 
-3.2664868067511508 ; -4.122174560380961 ; -4.059384290523024 ; -4.069138464140869 ; -5.1292966124770665 ; -5.326843623561765 ; 
-3.9944644153187685 ; -5.034216668330522 ; -5.033543884551209 ; -5.033256196074683 ; -6.454993302211802 ; -7.429090088864947 ; 
0.0 ; 0.0 ; 0.0 ; 0.0 ; 0.0 ; 0.0 ; 
2.2224485279236155 ; 1.815314258344876 ; 0.3223548719028957 ; 13.29420028782423 ; -0.9797574150902211 ; -0.6537390120538138 ; 
5.261824619337674 ; -2.2811710002778653 ; -1.3748524388680672 ; -1.600747688005485 ; -4.365997821867846 ; -5.499456081993846 ; 
8.63122798328302 ; -0.8690495707677897 ; -1.0383958021854829 ; 1.0637057860484873 ; -3.8494906704028917 ; -3.196778280993308 ; 
7.2684590877389645 ; -1.6747635614075878 ; -1.091358822879467 ; -1.1269182722866913 ; -3.8900614364376427 ; -4.307308773243564 ; 
0.0 ; 0.0 ; 0.0 ; 0.0 ; 0.0 ; 0.0 ; 
-4.165180075681356 ; -5.445538517851155 ; -5.320065552343509 ; -5.2442438750000315 ; -5.881626151927587 ; -8.777090671467851 ; 
-1.2602984942900946 ; -3.895443392208195 ; -3.8019330501055393 ; -3.822704334265717 ; -9.448515318618913 ; -7.937542853128332 ; 
-3.8167292145844502 ; -5.2044045997360255 ; -5.135567139605517 ; -5.101097269957948 ; -8.701785400138467 ; -6.354427081905217 ; 
-4.522579377680332 ; -4.455569684940003 ; -2.8053368500054843 ; -4.491795079786783 ; -6.780932987788539 ; -5.9968265052683165 ; 
0.0 ; 0.0 ; 0.0 ; 0.0 ; 0.0 ; 0.0 ; 
-4.529374553074941 ; -4.490431486048763 ; -2.120277122912501 ; -4.479457266972269 ; -7.846283965459259 ; -6.82061013520286 ; 
-3.359283825917701 ; -3.137489392170011 ; -1.3972517236023256 ; -3.174454049896128 ; -4.807065758265655 ; -3.930175070089527 ; 
-1.3239729328734995 ; -4.382760772916897 ; -4.334278734600195 ; -4.319679626803949 ; -6.8990507171881825 ; -5.287007450863028 ; 
-4.953780746637932 ; -5.6661313556983925 ; -5.722234754393854 ; -5.6439334016574145 ; -11.358809673042119 ; -9.998074856315888 ; 
0.0 ; 0.0 ; 0.0 ; 0.0 ; 0.0 ; 0.0 ; 
-3.624179648942799 ; -5.358953235132889 ; -5.377885268435991 ; -5.330287171285155 ; -5.904611180199078 ; -6.1453657759072415 ; 
-2.9945852251994975 ; -4.58917753940983 ; -4.558520765239711 ; -4.665511563934808 ; -5.351170746798288 ; -6.360374223774676 ; 
-1.395995101232279 ; -3.5085917525958195 ; -3.398070900053496 ; -3.495136011262565 ; -4.555121377119454 ; -7.4069134807143815 ; 
-2.553075608348421 ; -4.468653486207031 ; -4.467687247847127 ; -4.505413451693345 ; -6.2209821193874975 ; -7.131087958038157 ; 
0.0 ; 0.0 ; 0.0 ; 0.0 ; 0.0 ; 0.0 ; 
6.48373464872406 ; -1.8028351848331552 ; -0.13854090887834714 ; -0.616480759906217 ; -4.634635265896077 ; -4.314777394909448 ; 
0.25242121966124054 ; -0.5868458200000001 ; 6.937873667553479 ; -0.5501493233164407 ; -2.6106111084187176 ; -2.587407315484833 ; 
7.329362937812233 ; -1.6200447411355954 ; -1.1547792307940958 ; -1.733105468123109 ; -3.786747882727036 ; -3.818261140729457 ; 
-0.9197524852388319 ; -1.0643466259790588 ; 6.692224143674985 ; -0.9537868795386565 ; -3.6051783617293323 ; -1.0 ; 
0.0 ; 0.0 ; 0.0 ; 0.0 ; 0.0 ; 0.0 ; 
-5.424702898056028 ; -5.489289060387629 ; -5.420594474340151 ; -5.29627132725481 ; -7.960567607381595 ; -5.653482269831988 ; 
-3.077213404738355 ; -3.944795839435786 ; -3.9319040067484883 ; -3.9234988328855813 ; -5.990907410719581 ; -4.836602770660792 ; 
-5.2453532546572195 ; -5.273157471760403 ; -5.266764806319122 ; -5.103802552612626 ; -8.179080056985153 ; -6.71846734009125 ; 
-3.9912851616252096 ; -3.668529987494367 ; -0.6197402107835261 ; -4.2791834671038655 ; -8.205692723979961 ; -8.649134504852327 ; 
0.0 ; 0.0 ; 0.0 ; 0.0 ; 0.0 ; 0.0 ; 
-4.292952268783063 ; -0.7763596048989476 ; -2.6259777920980043 ; -4.39488109699246 ; -6.796837831859712 ; -7.775804951485291 ; 
-2.5408700815978604 ; 2.869479785992183 ; -1.0818801538390244 ; -2.978438846092423 ; -5.5685826912198495 ; -7.882619074404028 ; 
-2.659092182380665 ; -4.493787196711086 ; -4.553001169447976 ; -4.485017640004898 ; -6.271885696052775 ; -6.239838925025642 ; 
-5.701933772283337 ; -5.779839588768837 ; -5.814961972615056 ; -5.780108261149988 ; -9.999471503341145 ; -8.087481926040603 ; 
0.0 ; 0.0 ; 0.0 ; 0.0 ; 0.0 ; 0.0 ; 
-4.560202398665746 ; -5.51859851610041 ; -5.724323595246419 ; -5.497027126091778 ; -8.066205592784602 ; -6.618388863864274 ; 
-1.4776267669939678 ; -4.410401523855674 ; -4.444550621388099 ; -4.387227728986134 ; -7.433831871473547 ; -6.326643356866782 ; 
0.08172443179277858 ; -3.3534589572221756 ; -3.2294783752819503 ; -3.4516858338397034 ; -5.2552045926937465 ; -5.395173312752494 ; 
-1.5359090818418304 ; -4.322091120085279 ; -4.391085322200007 ; -4.305502195324366 ; -6.7551643268536 ; -4.828013741159343 ; 
0.0 ; 0.0 ; 0.0 ; 0.0 ; 0.0 ; 0.0 ; 
5.89540014879428 ; 1.1360516430541523 ; -0.49875419012161626 ; 0.3673140892749567 ; -4.486047976007167 ; -4.388671434958264 ; 
1.5867896514196231 ; 2.222348403094981 ; 14.081633691095789 ; 0.508704882551222 ; -0.8135885984831872 ; -1.3642635162617487 ; 
5.943198001181596 ; -0.36334653886375895 ; -2.0049211652789087 ; 1.407620993936939 ; -3.4007718957091124 ; -1.9900000000000002 ; 
11.869999790360987 ; 1.6544219029937706 ; 5.580200088904885 ; 0.95369494407953 ; 0.007753337122357679 ; -1.2421213230243684 ; 
0.0 ; 0.0 ; 0.0 ; 0.0 ; 0.0 ; 0.0 ; 
-5.588904475994952 ; -5.575493820032586 ; -5.581792680582517 ; -5.560946007869948 ; -9.66813107703442 ; -10.244392655301656 ; 
-4.078424410349042 ; -4.120765862597935 ; -4.113877620471001 ; -4.064077575751877 ; -7.15830812821766 ; -4.6971359022477746 ; 
-5.403564016087133 ; -5.438309031081039 ; -5.422107947573652 ; -5.427299372949688 ; -8.527633133912644 ; -8.157587280793669 ; 
-3.9492678308022833 ; 0.4280386624129379 ; -2.945508211221642 ; -3.558426094798221 ; -8.162647204022619 ; -8.547629533550763 ; 
0.0 ; 0.0 ; 0.0 ; 0.0 ; 0.0 ; 0.0 ; 
-3.99656672455206 ; 0.05229615424109713 ; -3.5931554044273795 ; -3.724873383794479 ; -7.076199802853273 ; -6.539423665701122 ; 
-2.6933964575788996 ; 3.923648676043589 ; -2.096633313262732 ; -2.175548920562601 ; -2.8530121654954312 ; -5.758963720389031 ; 
-4.591863204728365 ; -4.699964567460361 ; -4.628919622251723 ; -4.610314691249663 ; -5.467128202500587 ; -5.81959823648806 ; 
-5.895766619787107 ; -5.881823066256274 ; -5.906052578281417 ; -5.873596983748625 ; -8.54492267956416 ; -7.797462664431492 ; 
0.0 ; 0.0 ; 0.0 ; 0.0 ; 0.0 ; 0.0 ; 
-5.633579721663497 ; -5.718694963396906 ; -5.689432363661583 ; -5.695933239453316 ; -8.28521161122119 ; -9.158343654500037 ; 
-4.4142258606223095 ; -4.44061773554451 ; -4.448400626414011 ; -3.614392564905177 ; -8.075136292453314 ; -6.444031727093716 ; 
-2.246914677092107 ; -3.354513388921536 ; -3.37077229649086 ; -3.310311211505351 ; -5.354449857753251 ; -4.480439982776371 ; 
-4.2985422327273035 ; -4.40896220350443 ; -4.466279121395446 ; -3.905718079611908 ; -7.290685586412019 ; -5.945468650835436 ; 
0.0 ; 0.0 ; 0.0 ; 0.0 ; 0.0 ; 0.0 ; 
-2.349162088182312 ; -2.3685017905407664 ; -1.8018514733654287 ; 3.1385036224609952 ; -4.177027304246586 ; -5.394972401202917 ; 
8.790656387238567 ; 16.99999999999997 ; 11.61330602273477 ; 7.90372418284093 ; 3.69862398611777 ; 4.0977419537959054 ; 
-2.3289125394364274 ; -2.3767071547492784 ; -2.366095852162244 ; 0.5430352143243059 ; -4.573223410403266 ; -3.824779797124389 ; 
3.4170453065700834 ; 1.3565043212216654 ; 3.9749949319804343 ; 9.682979280976296 ; -2.4737920720694557 ; -1.6338718449447038 ; 
0.0 ; 0.0 ; 0.0 ; 0.0 ; 0.0 ; 0.0 ; 
-4.251451192234036 ; -2.065014175094002 ; -4.127961644498234 ; -4.297783533514365 ; -6.726861464050716 ; -4.5806800791098885 ; 
-2.711589266701999 ; 3.5051206995260538 ; -2.2321921759690095 ; -1.8347266172548116 ; -5.960671174739299 ; -4.984379895693084 ; 
-4.0928987877816025 ; -0.42092022805862156 ; -3.760518822646408 ; -3.8909380951469426 ; -6.896681325222424 ; -5.694480433488117 ; 
-5.678334646031788 ; -5.6948185717159925 ; -5.0862125321262495 ; -5.597820711055207 ; -6.88387923253174 ; -8.88425144384686 ; 
0.0 ; 0.0 ; 0.0 ; 0.0 ; 0.0 ; 0.0 ; 
-5.588342819605768 ; -5.5706710032734685 ; -5.549812840745564 ; -5.5986013977020015 ; -10.55566890682758 ; -7.522456662527314 ; 
-4.320134662372723 ; -4.380674902159637 ; -3.7602896626288635 ; -4.368880905427912 ; -7.17073674186061 ; -4.628755015002865 ; 
4.301219302457182 ; -2.7802086909666492 ; -1.0030657712400748 ; -0.5363947329718846 ; -5.370661240357207 ; -5.765991593523798 ; 
-0.6143334255642876 ; -4.464389862385722 ; -4.093740893392848 ; -3.491951805864848 ; -7.44979813176138 ; -8.152282247800335 ; 
0.0 ; 0.0 ; 0.0 ; 0.0 ; 0.0 ; 0.0 ; 
0.4553432085813972 ; -4.045781910062175 ; -3.363652643040518 ; -3.6384174077542824 ; -6.062407970974558 ; -6.522949840158184 ; 
-5.217552692289331 ; -5.243389959538732 ; -3.7876078244311415 ; -5.144595391172734 ; -6.519537271365688 ; -8.583969109515104 ; 
-4.25826394123331 ; -4.164080465137605 ; -2.744384816601198 ; -4.177776438059548 ; -8.030995851273662 ; -7.052321284551871 ; 
-5.03703702132156 ; -5.051397073133429 ; -3.1545558833142406 ; -5.0271260620260705 ; -8.240743413024607 ; -5.428711864707159 ; 
0.0 ; 0.0 ; 0.0 ; 0.0 ; 0.0 ; 0.0 ; 
7.484692843793177 ; 14.227099999999965 ; 6.889823529638004 ; 10.450833378786026 ; 1.890960766850102 ; 2.093036399600617 ; 
1.6061023868451847 ; 1.8296426367016432 ; 5.943229995766176 ; 2.300606498113268 ; -4.127858873172038 ; -4.572435415765291 ; 
14.299999999999965 ; 7.305335278365012 ; 6.91419794949215 ; 10.50730979727736 ; 2.3212465086111123 ; 2.0946473854589076 ; 
2.5944220653127155 ; 1.3868342376253109 ; 7.714699999946784 ; 4.588353060608043 ; -2.8251219453850696 ; -4.1685606021044626 ; 
0.0 ; 0.0 ; 0.0 ; 0.0 ; 0.0 ; 0.0 ; 
-4.688923504877118 ; -1.6638943861120283 ; -4.666777180056594 ; -4.1591791773069104 ; -6.797243663420796 ; -9.19504566197723 ; 
-2.792946234117946 ; 2.8806577161136384 ; -2.3009233381417187 ; -2.061168187916764 ; -7.463017050676623 ; -6.0194612937094085 ; 
-4.551837907425595 ; -0.7126589355943029 ; -4.461916559857627 ; -4.298887147232318 ; -7.85097180555538 ; -7.4252203910719015 ; 
-5.360903847835981 ; -5.577875154514799 ; -3.6014920448951155 ; -5.478728733237904 ; -10.390519439149962 ; -8.520973931289745 ; 
0.0 ; 0.0 ; 0.0 ; 0.0 ; 0.0 ; 0.0 ; 
-5.260400995729487 ; -5.304553903531256 ; -4.7584025447868665 ; -5.410178158711342 ; -7.504467864257705 ; -7.977617980757436 ; 
-4.304354062343656 ; -4.136898944750676 ; -1.5889263674055485 ; -3.9885044945244412 ; -6.183319880582196 ; -8.234707553890448 ; 
-3.16266773267902 ; -3.3508343381014956 ; -2.625762160347313 ; 2.854719866168987 ; -5.61371420092405 ; -6.573624891015309 ; 
-5.005180323457994 ; -4.982663412929101 ; -4.96969492554494 ; -1.625505180037316 ; -10.470614963365763 ; -8.399275186874453 ; 
0.0 ; 0.0 ; 0.0 ; 0.0 ; 0.0 ; 0.0 ; 
-4.474963263180033 ; -4.765257553285678 ; -4.701828172853471 ; -0.6045649478586413 ; -7.8907330331566845 ; -9.417950362790686 ; 
-5.1239332193831855 ; -5.027742000102357 ; -2.0782503337133678 ; -5.076454531583733 ; -8.573596195783056 ; -10.016803724599798 ; 
-3.897699584374621 ; -3.8258130674745336 ; -0.39640976900167135 ; -4.068654709613863 ; -4.852866119406598 ; -8.336742361867156 ; 
-4.747028285001528 ; -4.765475061036775 ; -1.636044544614716 ; -4.770012048041114 ; -8.113423531695592 ; -8.758123979094329 ; 
0.0 ; 0.0 ; 0.0 ; 0.0 ; 0.0 ; 0.0 ; 
3.504256945788878 ; 4.489681388461235 ; 5.508358451879105 ; 11.804389999999959 ; 0.11433792406209266 ; 0.05567669379101202 ; 
-0.20816464994615985 ; 1.4799766604283993 ; 7.714699999755717 ; 2.2499918192626147 ; -3.009208727477632 ; -3.064642906936032 ; 
1.7408119154874884 ; 4.381724122998437 ; 5.539029155288494 ; 11.869999999999939 ; -0.3364300274155696 ; -0.18798790758010858 ; 
2.9666766052958113 ; 3.252028696712447 ; 9.682999999996575 ; 5.234051972177824 ; -1.5961200491251697 ; -1.5653041089933577 ; 
0.0 ; 0.0 ; 0.0 ; 0.0 ; 0.0 ; 0.0 ; 
-5.028209766344066 ; -4.967941074436544 ; -5.091071473486238 ; -2.7354303037710515 ; -10.645501382557864 ; -8.274929305687571 ; 
-3.4837313274115997 ; -3.595974189766119 ; -3.362549450636406 ; 1.4557096400057068 ; -6.616775566373513 ; -8.02678043119671 ; 
-4.780137404234747 ; -4.901123767314599 ; -4.860087069706809 ; -1.9999711149862844 ; -8.27245386003971 ; -7.180781332535864 ; 
-5.073608615771936 ; -4.760105396832358 ; -2.527329473115689 ; -4.889562133317355 ; -11.150940376531453 ; -7.613217964875661 ; 
0.0 ; 0.0 ; 0.0 ; 0.0 ; 0.0 ; 0.0 ; 
-5.01228218682436 ; -3.4665172493200034 ; -4.7201081295705976 ; -5.01411328327971 ; -9.134128927879422 ; -8.487443209857995 ; 
-3.599279201748237 ; -3.4992387532161673 ; 0.06499468729431074 ; -3.999473463564357 ; -9.079598209186404 ; -7.164212473608448 ; 
-3.889639959627032 ; -3.82080908470194 ; -3.481241497395294 ; 1.4985310445236197 ; -7.309501288341625 ; -7.84270396788437 ; 
-5.623408562016135 ; -5.477027699380412 ; -5.502631227854087 ; -2.8080293426506664 ; -6.5374028793638415 ; -7.050945173310151 ; 
0.0 ; 0.0 ; 0.0 ; 0.0 ; 0.0 ; 0.0 ; 
-5.188661640945631 ; -5.023852160543764 ; -5.1022180990127595 ; -1.6557191690498447 ; -9.828722040409133 ; -10.128266503686627 ; 
-4.318804059990329 ; -4.669290091168466 ; -0.6839013857778938 ; -4.428168819257109 ; -6.979873411508439 ; -7.603895819401341 ; 
-3.464474319573624 ; -3.5159765362300917 ; 1.5082123611246894 ; -3.249054550786979 ; -7.4860619134402215 ; -7.420545274226515 ; 
-4.443882245037098 ; -4.241376972156797 ; -0.5993252376610462 ; -4.068141313428428 ; -8.255176884323415 ; -7.187942629232612 ; 
0.0 ; 0.0 ; 0.0 ; 0.0 ; 0.0 ; 0.0 ; 
0.9307567173242723 ; 2.4975572499637395 ; 4.916078855343474 ; 9.62395099999989 ; -1.8530059452886252 ; -1.5468302974599168 ; 
1.4009418305903933 ; 1.0280246015993724 ; 9.682999999990017 ; 3.746177560506807 ; -1.6997564320339908 ; -2.1300042756925337 ; 
0.08972191023800258 ; 3.4130413316299095 ; 4.441023646359746 ; 9.682999999998982 ; -1.504886222475867 ; -1.472899681298845 ; 
2.692342995347324 ; 0.7373383221230332 ; 11.869999999999807 ; 6.269634614255935 ; 0.18300738538715888 ; -0.47327361443792176 ; 
0.0 ; 0.0 ; 0.0 ; 0.0 ; 0.0 ; 0.0 ; 
-5.3759490145066495 ; -5.277664200393893 ; -5.3772646352805715 ; -4.399691055657806 ; -7.252512543451814 ; -9.423014583728357 ; 
-3.9657142942192767 ; -3.872741845225084 ; -3.80323431010181 ; -0.202559567949463 ; -7.177732077347885 ; -8.926102581760496 ; 
-5.163206160697928 ; -5.172732747521742 ; -5.244579699937836 ; -3.8341568107534045 ; -9.72891751894045 ; -8.035807203920102 ; 
-4.578656307605834 ; -1.5809855809991697 ; -4.200525518279666 ; -4.7011945121904954 ; -10.282495763196454 ; -9.081820816837679 ; 
0.0 ; 0.0 ; 0.0 ; 0.0 ; 0.0 ; 0.0 ; 
-4.572055981884213 ; -2.893334467135137 ; -4.4960755500987855 ; -4.5596742573576545 ; -6.475874689854857 ; -7.772603676849656 ; 
-3.2066575941421496 ; 1.4842549912054293 ; -2.734948109126938 ; -2.955489126815502 ; -5.659228271012545 ; -5.827795964945164 ; 
-4.409700187088213 ; -4.332546438734575 ; -4.476261460990542 ; -0.016359983329108103 ; -5.433319784109066 ; -9.373460199425052 ; 
-5.72383758954168 ; -5.7989039797100315 ; -5.721770805041769 ; -4.268918041767683 ; -11.472677054582531 ; -7.43672360114776 ; 
0.0 ; 0.0 ; 0.0 ; 0.0 ; 0.0 ; 0.0 ; 
-5.550595661238215 ; -5.569814372500538 ; -5.532770255590753 ; -2.8149979453275695 ; -5.711902940656837 ; -7.439634953712202 ; 
0.42091019582253986 ; -4.055914956883777 ; -4.1722935653963065 ; -3.6186130329817123 ; -8.899500485810103 ; -7.8716130350033735 ; 
2.899917170030242 ; -2.6134047430642235 ; -2.3315384051853427 ; -2.0899589589436953 ; -6.550208673539382 ; -5.663891064962787 ; 
0.4575377265344308 ; -3.8829977330206553 ; -3.9837398054018704 ; -2.936037175027143 ; -8.408130380548773 ; -6.654931066134873 ; 
0.0 ; 0.0 ; 0.0 ; 0.0 ; 0.0 ; 0.0 ; 
1.9229635563575425 ; 2.3726591778927157 ; 0.03110597669797388 ; 7.66155589999892 ; -3.2548209388360627 ; -3.648849071962344 ; 
6.131561885006331 ; 8.659235671816065 ; 11.869999999999962 ; 6.323369478755918 ; -0.6650510827575993 ; -0.17892337466540126 ; 
1.5569550429232346 ; 2.671557450159762 ; -0.19290779443308925 ; 7.714699999967079 ; -2.8523558924601913 ; -2.9816393216197175 ; 
14.299999999999965 ; 8.280917473949337 ; 7.996180427994561 ; 8.811545190778 ; 2.5502780557240716 ; 1.5165700795446027 ; 
0.0 ; 0.0 ; 0.0 ; 0.0 ; 0.0 ; 0.0 ; 
-5.4671680971273435 ; -5.479136317421707 ; -5.471861823368668 ; -5.370336224496637 ; -5.4910041244989305 ; -9.17460049991222 ; 
-4.057392112622275 ; -4.024237652007205 ; -4.026144617411537 ; -2.987472024954204 ; -6.614868758916199 ; -5.244042286010216 ; 
-5.329382474651604 ; -5.368946667808053 ; -5.334959737661122 ; -5.174165027419144 ; -9.608249840010386 ; -10.572491928529354 ; 
-4.441751960039671 ; -1.590109483524256 ; -4.164019111776062 ; -4.266891712883284 ; -6.783818429738594 ; -4.405271255429953 ; 
0.0 ; 0.0 ; 0.0 ; 0.0 ; 0.0 ; 0.0 ; 
-4.2721471645526705 ; -2.6366797194285763 ; -4.2022730225423865 ; -4.271238616545707 ; -8.493923140620364 ; -5.673266488396206 ; 
-3.117327852887428 ; 1.0741269068873136 ; -2.9634268348898054 ; -2.7090625243331217 ; -5.650890590382222 ; -4.521337511047074 ; 
-4.64091730840101 ; -4.546794795114599 ; -4.57836184573698 ; -3.6005454731878928 ; -8.029428140991545 ; -5.759433145090874 ; 
-5.8463308295032 ; -5.8105720531110086 ; -5.852252015234018 ; -5.676336662814748 ; -9.533887763848119 ; -8.875249612011425 ; 
0.0 ; 0.0 ; 0.0 ; 0.0 ; 0.0 ; 0.0 ; 
-5.652711626974568 ; -5.665408073885289 ; -5.648325140565163 ; -4.38591622704365 ; -6.714107328359301 ; -7.857301455101624 ; 
-4.251728137109528 ; -4.275003312525491 ; -4.299501747544661 ; -2.4043614118962164 ; -7.695839542445508 ; -4.310936779626683 ; 
-2.8841233259324612 ; -3.2397352149813194 ; -3.0590332029895277 ; 0.8597876546289926 ; -6.214026845258651 ; -4.242140722007325 ; 
-4.065342574762571 ; -4.277461419202386 ; -4.238612168369206 ; -2.1787816879650306 ; -5.86671807825093 ; -5.408875887153091 ; 
0.0 ; 0.0 ; 0.0 ; 0.0 ; 0.0 ; 0.0 ; 
-2.1131036683114273 ; -2.026085666149512 ; -2.141032820897795 ; 4.530445293393504 ; -4.901572728879621 ; -2.8010005799644353 ; 
4.932435571187445 ; 14.299999999999965 ; 8.851616771429953 ; 8.424457684287782 ; 2.2870155074595497 ; 1.360216067112336 ; 
-2.136510448454721 ; -2.1517839666064 ; -2.0019903411497832 ; 3.542234956591304 ; -3.9361962617624986 ; -4.178862780671767 ; 
0.5779492056265815 ; 1.601874026968883 ; 0.07902834739852255 ; 11.551437328568273 ; -2.1887686330512186 ; -1.0 ; 
0.0 ; 0.0 ; 0.0 ; 0.0 ; 0.0 ; 0.0 ; 
-4.530175334109123 ; -4.097151881422447 ; -4.588916623972731 ; -4.467595311765049 ; -7.337986997567154 ; -5.76358712072765 ; 
-3.0696717337949195 ; -0.4411227974598257 ; -3.004702545075366 ; -3.075907412210762 ; -4.456662710991508 ; -4.292324100143722 ; 
-4.231162918102569 ; -2.6154986160295945 ; -4.180449043252101 ; -4.185377778677664 ; -8.267787727214243 ; -6.777524480282052 ; 
-5.859672364716358 ; -5.750592183425383 ; -5.773749678652254 ; -5.778273891479607 ; -9.870508577022937 ; -8.51687796715818 ; 
0.0 ; 0.0 ; 0.0 ; 0.0 ; 0.0 ; 0.0 ; 
-5.746713554298435 ; -5.766538101842067 ; -5.767009597830994 ; -5.7779115740930305 ; -9.003691632223298 ; -9.997881022128912 ; 
-4.520719688183485 ; -4.477920556866789 ; -4.523878534884534 ; -4.52550928315722 ; -5.7189287968281635 ; -6.778716589068948 ; 
5.894627818153116 ; -1.1591554253645282 ; -0.7264171140796846 ; 1.2325014030245487 ; -4.073840765128804 ; -4.660802447241484 ; 
0.45339170038865784 ; -3.3364116908820196 ; -3.230438392285322 ; -2.955713834626263 ; -8.209912298433002 ; -7.2608980250194195 ; 
0.0 ; 0.0 ; 0.0 ; 0.0 ; 0.0 ; 0.0 ; 
1.6213159677259417 ; -3.5445738719517066 ; -1.9073594920342505 ; -1.436487500281323 ; -4.430995685603834 ; -6.2410298303849165 ; 
-5.381854385662759 ; -5.184708707308136 ; -5.357507151146535 ; -5.412253450587697 ; -8.255374147280047 ; -7.358261524579827 ; 
-4.503744634684018 ; -4.382634351406679 ; -4.5023354030964535 ; -4.511106685883178 ; -7.42719027038722 ; -8.633287749084056 ; 
-5.196329347326715 ; -4.712957571935739 ; -5.137109276318899 ; -5.136349248265301 ; -8.194608862281314 ; -8.087966797813397 ; 
0.0 ; 0.0 ; 0.0 ; 0.0 ; 0.0 ; 0.0 ; 
4.302165437284672 ; 11.804389546636376 ; 1.9143229922713911 ; 2.6850411738681728 ; -0.8501305494771639 ; -0.675394229606922 ; 
-0.26161555016696936 ; 4.348893309274664 ; -0.3414333290185207 ; 0.25936239613854273 ; -4.854398688169743 ; -4.489601239088974 ; 
16.99999999999997 ; 10.17091124416765 ; 12.147632210619257 ; 12.749353205089623 ; 4.534067075840879 ; 4.60821819553042 ; 
-0.1586910697144775 ; 5.943228553700877 ; 1.371769669574935 ; 1.5126044436976707 ; -3.8526832674571114 ; -4.12604267250216 ; 
0.0 ; 0.0 ; 0.0 ; 0.0 ; 0.0 ; 0.0 ; 
-4.880305325615401 ; -3.752891756040338 ; -4.931758160901365 ; -4.967644673989544 ; -7.327692258054239 ; -9.973394193397272 ; 
-3.362462475891003 ; 0.03409091557902083 ; -3.4176605163456157 ; -3.3771795901601633 ; -5.54725546345067 ; -5.940017511477093 ; 
-4.653834653029382 ; -3.1794973632343537 ; -4.630125955042456 ; -4.670511204601886 ; -6.285991268111829 ; -8.59190874938324 ; 
-5.454071325500844 ; -5.016319187730425 ; -5.395421900290804 ; -5.383989511352786 ; -6.183889880278423 ; -8.636650880286108 ; 
0.0 ; 0.0 ; 0.0 ; 0.0 ; 0.0 ; 0.0 ; 
-5.326421937681259 ; -5.251349388181851 ; -5.276448759505805 ; -5.244127240182616 ; -7.795970362408859 ; -5.754359956705822 ; 
-4.1349431935594145 ; -3.6292253254214275 ; -4.094891776750232 ; -4.176736476481052 ; -8.339424853326927 ; -5.680745755882629 ; 
-3.97810062706595 ; -0.544733466487719 ; -3.822281016636887 ; -3.8810923737019496 ; -6.706235877629345 ; -5.390499688597467 ; 
-5.413316953475538 ; -3.2026518313528953 ; -5.313545364514894 ; -5.299898915229494 ; -9.475715471561257 ; -9.19452095663644 ; 
0.0 ; 0.0 ; 0.0 ; 0.0 ; 0.0 ; 0.0 ; 
-5.073357459993407 ; -2.31473625322854 ; -5.007821278878105 ; -4.711802203761227 ; -7.568714819973478 ; -5.626679277457925 ; 
-5.037670771650603 ; -4.694119149643409 ; -5.018281328990507 ; -5.056369583008841 ; -5.6819418285975205 ; -5.572802090627308 ; 
-3.858367425184075 ; -3.6924778201569755 ; -3.33901869349557 ; -3.902451690090652 ; -6.188202048954022 ; -5.601878342134461 ; 
-4.946580450425792 ; -3.585613416407986 ; -4.825325499630438 ; -4.8338582016775975 ; -8.134392623109369 ; -5.339221565782757 ; 
0.0 ; 0.0 ; 0.0 ; 0.0 ; 0.0 ; 0.0 ; 
-1.0813583500801787 ; 8.086329192090291 ; -0.9840945808058384 ; -1.038544775397694 ; -2.4340985292187116 ; -1.9762619747826373 ; 
-1.5860634360005597 ; 3.62095810844574 ; -1.4997808907354235 ; -1.1531255396495699 ; -2.7416355758853492 ; -4.51641415437138 ; 
-1.1783083898672078 ; 6.729209866532324 ; -0.6242364367911304 ; -1.0793109232666906 ; -3.636251703306763 ; -4.521550808308173 ; 
-1.0843369592726115 ; 6.929401476285843 ; -1.0844296629366317 ; 0.3988838061408422 ; -2.4399498067161427 ; -3.3667483674395187 ; 
0.0 ; 0.0 ; 0.0 ; 0.0 ; 0.0 ; 0.0 ; 
-5.0389469919189365 ; -4.567112418057119 ; -5.039846983397311 ; -4.997414348260752 ; -5.329086909874358 ; -5.45599989481734 ; 
-3.557408632832936 ; -2.1049690654266353 ; -3.5327070484897902 ; -3.448174939914865 ; -4.786112920100535 ; -4.644532044842298 ; 
-4.76060604372861 ; -4.484438144647592 ; -4.781193508390235 ; -4.787066721705007 ; -7.272624188037809 ; -5.859251717307768 ; 
-5.384406494817928 ; -4.083482823310238 ; -5.234299594544218 ; -5.286732726039327 ; -8.694391547221183 ; -6.723188411870055 ; 
0.0 ; 0.0 ; 0.0 ; 0.0 ; 0.0 ; 0.0 ; 
-5.197298296664802 ; -4.867680880878618 ; -5.143704214187195 ; -5.147264198964284 ; -7.737723872430224 ; -8.873907461672616 ; 
-3.9534995071312258 ; -2.499589232009084 ; -3.9398350741792743 ; -3.987037628613601 ; -5.724124919664793 ; -5.269760166046966 ; 
-4.139918549821328 ; -1.4593370505677563 ; -4.118066638833823 ; -4.041329221612296 ; -5.6289649270869795 ; -4.5203130349829275 ; 
-5.445041698466565 ; -5.354111793184347 ; -5.42126536114639 ; -5.017240754318751 ; -6.089930406293922 ; -11.800090363047822 ; 
0.0 ; 0.0 ; 0.0 ; 0.0 ; 0.0 ; 0.0 ; 
-5.213743370544682 ; -4.000249325489967 ; -5.218464442147022 ; -5.038447312774537 ; -6.401128147709782 ; -8.471762396904598 ; 
-4.888397068478068 ; -2.4585439173622516 ; -4.770440700641232 ; -4.905557537716544 ; -5.634566718993437 ; -6.459588570132377 ; 
-3.6526237861629647 ; -1.027396643691606 ; -3.751492609746819 ; -3.8178248420116283 ; -3.745020373612303 ; -4.519036687376607 ; 
-4.79705600709159 ; -2.6293611981711247 ; -4.741834822795402 ; -4.786972531188154 ; -8.856224588207 ; -5.4648719049296215 ; 
0.0 ; 0.0 ; 0.0 ; 0.0 ; 0.0 ; 0.0 ; 
-1.2287354942370177 ; 5.177033500692092 ; -1.0844477181727787 ; -1.1492229722796885 ; -1.9252000000000002 ; -1.9900000000000002 ; 
-1.2153987054927906 ; 5.450165442846039 ; -0.5811670521128273 ; -1.179976491146121 ; -2.874127902090335 ; -1.9848967418108994 ; 
-1.224456762356073 ; 4.258863500583268 ; -1.2222354783948477 ; -0.46949342498744817 ; -2.6819258457426693 ; -1.9775951610037776 ; 
-1.0948275635566627 ; 6.75269809919738 ; -0.7008830942888904 ; 0.8197798752151599 ; -3.210809391031499 ; -4.053828898935779 ; 
0.0 ; 0.0 ; 0.0 ; 0.0 ; 0.0 ; 0.0 ; 
-5.523034057453328 ; -5.473100251232173 ; -5.535045902652366 ; -5.508156540576247 ; -10.88117427485534 ; -9.587728704100428 ; 
-4.095969502717574 ; -2.9086227913874647 ; -4.166485844101044 ; -4.116447040245311 ; -7.2942985371809925 ; -7.485120680764309 ; 
-5.387158242371956 ; -5.156655046720538 ; -5.408809686693774 ; -5.363865039459498 ; -8.785150828457978 ; -5.515457560714439 ; 
-4.757729728329105 ; -3.227660643504664 ; -4.636462462415775 ; -4.650803895440021 ; -6.48844451290969 ; -6.136643432104986 ; 
0.0 ; 0.0 ; 0.0 ; 0.0 ; 0.0 ; 0.0 ; 
-4.705729787811674 ; -4.358697243990068 ; -4.6308035392972045 ; -4.629263725797936 ; -6.507249375395837 ; -4.886530012673743 ; 
-3.2941030723760485 ; -1.3977068289085823 ; -3.2809057423634833 ; -3.301530675521837 ; -6.679879488636832 ; -4.55310155191069 ; 
-4.648528161769273 ; -2.6089904038111156 ; -4.699774731774578 ; -4.6333149863927465 ; -6.888576822602388 ; -6.905579703402917 ; 
-5.8541488608740515 ; -5.651570681679827 ; -5.858395520358156 ; -5.860457257947286 ; -8.289321502849187 ; -7.469809637797591 ; 
0.0 ; 0.0 ; 0.0 ; 0.0 ; 0.0 ; 0.0 ; 
-5.7687009479653675 ; -4.75154339805645 ; -5.672495959604042 ; -5.6459174548539615 ; -7.65620908459911 ; -9.67738837586462 ; 
1.585898982895722 ; -3.1169231512756097 ; -3.8310311332490894 ; -2.307360484267879 ; -7.240849191812184 ; -6.065759392598303 ; 
4.3458819802460456 ; -0.5245351782875298 ; -2.457845572434174 ; -0.6294635840356941 ; -5.467426241093228 ; -5.046696329070463 ; 
1.6221466357787058 ; -2.9710517841962982 ; -3.534782323508424 ; -1.1030144004937759 ; -6.946138788313126 ; -7.706116403170257 ; 
0.0 ; 0.0 ; 0.0 ; 0.0 ; 0.0 ; 0.0 ; 
0.11291865938390733 ; 5.895396597057417 ; -2.182231969336157 ; 0.4083067641946722 ; -5.244881055395799 ; -4.633332507778884 ; 
1.4831417241798928 ; 9.682997444667892 ; 4.36968282054059 ; 2.045108084050375 ; -1.1243450910887203 ; -1.811995470297374 ; 
0.6860550139512436 ; 5.943229453054685 ; -1.7661368416172993 ; 2.8398027080971477 ; -4.423101730679431 ; -5.173752947519759 ; 
16.99999999999997 ; 7.877095672404239 ; 8.181106742815105 ; 12.470529423256883 ; 4.176727167456825 ; 4.38832526626075 ; 
0.0 ; 0.0 ; 0.0 ; 0.0 ; 0.0 ; 0.0 ; 
-5.556429851096914 ; -5.564564314859697 ; -5.559962347895804 ; -5.559027468858433 ; -10.69930505439078 ; -9.758752006417662 ; 
-4.242553022701558 ; -4.170986031627259 ; -4.220949281135202 ; -4.217534972590462 ; -6.135208269720385 ; -5.688850783434378 ; 
-5.493443904639608 ; -5.459047095985874 ; -5.468680767032842 ; -5.47422405572644 ; -6.5252839583045965 ; -7.3166592930771905 ; 
-4.571168765284511 ; -3.7360385546986357 ; -4.561427343467502 ; -4.702067886760365 ; -9.72009585632119 ; -9.367967021514836 ; 
0.0 ; 0.0 ; 0.0 ; 0.0 ; 0.0 ; 0.0 ; 
-4.579782651086313 ; -4.296656407855956 ; -4.522440360637322 ; -4.542421377287723 ; -7.085322889091215 ; -4.84123255179896 ; 
-3.2993384755825472 ; -1.7184465595932603 ; -3.3701263003610555 ; -3.327005124402436 ; -5.514190830986883 ; -4.696660880436815 ; 
-4.737703398736031 ; -4.715733329091116 ; -4.737254950441733 ; -4.336571204550594 ; -8.32532609178627 ; -7.1853240092498005 ; 
-5.912084664582981 ; -5.937008164410715 ; -5.936608867911465 ; -5.921066829584895 ; -10.278190977888075 ; -8.706890234550743 ; 
0.0 ; 0.0 ; 0.0 ; 0.0 ; 0.0 ; 0.0 ; 
-5.707884761502879 ; -5.5745388209877245 ; -5.750226065131465 ; -5.722543163568689 ; -6.940212889587711 ; -5.731019707878937 ; 
-2.083487935158094 ; -4.0409862105297325 ; -4.005668553585012 ; -3.52425787738916 ; -5.450879704372498 ; -6.962451265722972 ; 
-2.5613296884168917 ; -2.649833177673835 ; -2.739881290319213 ; 0.1738656883399669 ; -2.8315238704849803 ; -3.595987946199961 ; 
-3.866725599688971 ; -3.948354717756528 ; -3.9252857767678337 ; -1.6034310658058168 ; -4.761001248957001 ; -5.811918203978437 ; 
0.0 ; 0.0 ; 0.0 ; 0.0 ; 0.0 ; 0.0 ; 
-2.4489050871348055 ; 0.1460490509372549 ; -2.3403634211814963 ; -1.7158240314672781 ; -4.602612171877353 ; -6.096916480906209 ; 
-0.7144581011421127 ; 10.800038760506132 ; 0.45148042470729977 ; 1.568652579936792 ; -0.9386961239493861 ; -2.2452695626422363 ; 
-2.321203492801901 ; -2.1884075328381556 ; -2.362647183015454 ; 1.1693884877402074 ; -3.5996395968861927 ; -4.5189202192631175 ; 
2.8635344341707993 ; 1.3984092065375542 ; -0.3940399 ; 12.876559786046249 ; -1.5782759558482615 ; -1.9252000000000002 ; 
0.0 ; 0.0 ; 0.0 ; 0.0 ; 0.0 ; 0.0 ; 
-4.624472988979552 ; -4.6014695133467045 ; -4.6303129414232345 ; -4.627622681165031 ; -7.175780579839607 ; -4.660499065377263 ; 
-3.2929139382863606 ; -3.0528771591097135 ; -3.289887897219932 ; -3.307945889258649 ; -6.492323066852199 ; -4.702703257710478 ; 
-4.4532972566083435 ; -4.214995129041245 ; -4.402880554974862 ; -4.455324661829622 ; -6.436918320493659 ; -7.944364079727255 ; 
-5.9732295074862884 ; -5.976637501403174 ; -5.970468246903429 ; -5.98621100951344 ; -10.957225264428173 ; -9.40660662346926 ; 
0.0 ; 0.0 ; 0.0 ; 0.0 ; 0.0 ; 0.0 ; 
-5.841644311080193 ; -5.868764138158197 ; -5.85240626193652 ; -5.85413156586414 ; -10.536662363313683 ; -9.207792253285792 ; 
-4.6248654794052495 ; -4.663663332097032 ; -4.628518504055705 ; -4.6296770033941295 ; -8.496766593453836 ; -5.40081535189497 ; 
-0.48829919393386345 ; 1.5018805274789266 ; 0.15408895216096896 ; 2.4580643968102507 ; 7.661426385858296 ; -3.5348390370696734 ; 
-2.2624783642356405 ; -2.6807437022560703 ; -1.2465500727466547 ; -2.3522704247663317 ; 1.621155155452183 ; -5.317539360778835 ; 
0.0 ; 0.0 ; 0.0 ; 0.0 ; 0.0 ; 0.0 ; 
-1.6401743392155548 ; -1.4422072496976033 ; -1.0430671391773685 ; -0.8125368481771958 ; 2.9137795503096187 ; -6.169060685157415 ; 
-5.53454509928713 ; -5.548538579436071 ; -5.538222965150397 ; -5.563764082478316 ; -7.155589989530522 ; -9.772130506852331 ; 
-4.732815394191367 ; -4.715467882566985 ; -4.719153984825014 ; -4.690722762745701 ; -6.19206412662524 ; -7.932829830780136 ; 
-5.376509270651818 ; -5.341718504872955 ; -5.363819699653997 ; -5.335978753461531 ; -7.641444797046594 ; -5.459332835254606 ; 
0.0 ; 0.0 ; 0.0 ; 0.0 ; 0.0 ; 0.0 ; 
3.7565165689668567 ; 9.623939770663771 ; 2.229258743356568 ; 1.714587582856662 ; -2.6169004853174234 ; 0.5200300014184787 ; 
-0.8551395869552612 ; 2.9138180846876462 ; -0.10243004324780469 ; -1.1697496056858412 ; -4.945289142060264 ; -1.7577364763959686 ; 
14.857792689997263 ; 12.357454332404616 ; 14.867629859264584 ; 12.99386591624427 ; 6.638532847381723 ; 19.999999999999986 ; 
-0.42987368650798197 ; 4.348876693549453 ; 1.264924058616893 ; -0.10707494478028973 ; -4.731267312810507 ; -1.0431529871607006 ; 
0.0 ; 0.0 ; 0.0 ; 0.0 ; 0.0 ; 0.0 ; 
-5.046922450993465 ; -4.922111972664647 ; -5.053491926021734 ; -5.048414176198943 ; -7.365451271539306 ; -7.635553986605046 ; 
-3.684678786139406 ; -3.120496377227878 ; -3.5966704461270136 ; -3.6799163955159138 ; -6.694912856676153 ; -4.814603604591037 ; 
-4.784503388783161 ; -4.62142326038585 ; -4.797307313111965 ; -4.79041422924343 ; -5.993229626209423 ; -7.759684992502287 ; 
-5.6241771897712525 ; -5.529297654449076 ; -5.548572303644928 ; -5.517556441269857 ; -5.79340981112598 ; -8.328016645370402 ; 
0.0 ; 0.0 ; 0.0 ; 0.0 ; 0.0 ; 0.0 ; 
-5.377939907483233 ; -5.392844922001009 ; -5.390762949296506 ; -5.378614099017675 ; -6.643281072787138 ; -7.865423986318061 ; 
-4.216225082418236 ; -4.2105028816637695 ; -4.198694511694355 ; -4.233506934461365 ; -7.102175887281396 ; -7.262216073457875 ; 
-4.12606612563387 ; -3.686153294607443 ; -4.108251966789284 ; -4.160329557330269 ; -6.657302366256721 ; -5.389105275859867 ; 
-5.4279916244555295 ; -5.339986391645614 ; -5.523233902529406 ; -5.413375204625851 ; -7.493492361204627 ; -8.622335650041435 ; 
0.0 ; 0.0 ; 0.0 ; 0.0 ; 0.0 ; 0.0 ; 
-5.181227856937225 ; -4.44464331612321 ; -5.182795962684667 ; -5.225673426643364 ; -6.4448859581819615 ; -6.274491875798468 ; 
-5.148094963522696 ; -5.093888247886644 ; -5.10970695509918 ; -5.132041432200824 ; -7.807852708523697 ; -8.511786333095856 ; 
-3.9179330710209808 ; -3.940131297742713 ; -3.912830016629521 ; -3.9475923395888923 ; -6.274330439841739 ; -4.833321357789464 ; 
-5.113921731375054 ; -4.932898443182439 ; -5.075462187990665 ; -5.09371786209303 ; -7.9882507393839415 ; -9.271478764200632 ; 
0.0 ; 0.0 ; 0.0 ; 0.0 ; 0.0 ; 0.0 ; 
-1.0383958021854829 ; -0.02848318803626626 ; -1.0420917523623563 ; -1.0385199047608018 ; -2.833108083050606 ; -3.568565550727632 ; 
-1.4644964259845519 ; -1.409729252094061 ; -1.446461364768475 ; -1.3994164535871152 ; -2.778788951281 ; -3.696621859485858 ; 
-1.1163990641131893 ; -0.473190477080969 ; -1.0884227232222383 ; -1.04054749683934 ; -2.8391948712269235 ; -4.944885396083931 ; 
-0.9561792499119552 ; -1.0407148214678608 ; -1.041537950396584 ; -1.030921570160617 ; -1.9591822693171 ; -1.935463591 ; 
0.0 ; 0.0 ; 0.0 ; 0.0 ; 0.0 ; 0.0 ; 
-5.098118353808919 ; -5.1098727303267895 ; -5.119875869535693 ; -5.1153144236177 ; -7.3862882174960465 ; -8.033528789268564 ; 
-3.749362043827177 ; -3.647162506755961 ; -3.696276571225987 ; -3.779882626728849 ; -6.180151750876954 ; -5.8831177558138945 ; 
-4.829246000118052 ; -4.860868670723392 ; -4.839046292727679 ; -4.874619877124185 ; -8.569865917266771 ; -7.153445837989218 ; 
-5.5000539117568295 ; -5.311687145661291 ; -5.5008045721240855 ; -5.486964325382096 ; -6.274291873195881 ; -5.659800761386041 ; 
0.0 ; 0.0 ; 0.0 ; 0.0 ; 0.0 ; 0.0 ; 
-5.339810537594572 ; -5.326757296286852 ; -5.332976131491634 ; -5.308024056252318 ; -8.156470492425246 ; -8.209216542403349 ; 
-4.187850704453664 ; -3.9638348286962066 ; -4.178940985976738 ; -4.133928247441086 ; -6.5579684561184735 ; -4.8496124654577635 ; 
-4.1829991608012875 ; -3.951731954683429 ; -4.182068056463965 ; -4.229063983027974 ; -6.712281000208289 ; -6.095432906559061 ; 
-5.520347130102191 ; -5.500596468842506 ; -5.523074156794654 ; -5.506484090671569 ; -6.668612187166301 ; -5.762307928285516 ; 
0.0 ; 0.0 ; 0.0 ; 0.0 ; 0.0 ; 0.0 ; 
-5.223708069645761 ; -5.183519006334321 ; -5.239285799204103 ; -5.241481093627673 ; -6.437363721936096 ; -8.883769403240748 ; 
-5.044380044792378 ; -4.560527278913771 ; -5.0635596152603695 ; -5.073787590079329 ; -9.23464600889991 ; -5.457265602024708 ; 
-3.8782507234169032 ; -3.7365175799447883 ; -3.865855414750483 ; -3.845019739716785 ; -6.506762445297709 ; -6.356588477021986 ; 
-4.925665552013702 ; -4.575802396981957 ; -4.946805469746033 ; -5.00155431145868 ; -8.641475121471583 ; -8.206261978964985 ; 
0.0 ; 0.0 ; 0.0 ; 0.0 ; 0.0 ; 0.0 ; 
-1.04536097772316 ; -1.095439296525821 ; -1.0466174574128357 ; -1.1208761784162113 ; -1.94410895509 ; -3.5288187940899998 ; 
-1.2247897700103205 ; -1.2857921329772126 ; -1.2247897700103205 ; -1.339695625912049 ; -3.559869651691 ; -1.9900000000000002 ; 
-1.128011844163628 ; -1.1493577235103953 ; -1.1293425136894297 ; -1.1470843789814755 ; -2.8031321567539 ; -1.9534340971729 ; 
-1.0383958021854829 ; -0.6009638220529234 ; -1.0047221305905347 ; -1.0061058461576509 ; -3.55753415804329 ; -1.92439 ; 
0.0 ; 0.0 ; 0.0 ; 0.0 ; 0.0 ; 0.0 ; 
-5.585071104902292 ; -5.603330299710427 ; -5.5893700172538825 ; -5.600194039876494 ; -8.890835290920009 ; -9.923362255476682 ; 
-4.23376005105885 ; -4.156417116480636 ; -4.3018513346909675 ; -4.187114936266796 ; -5.379594233080502 ; -5.6401358456661495 ; 
-5.506989492693086 ; -5.499251760467973 ; -5.561594082099631 ; -5.536634060075884 ; -7.7144204972743715 ; -7.285678595397009 ; 
-4.783708185144827 ; -4.57921220243554 ; -4.778124224795842 ; -4.789596094111089 ; -6.3014135844790475 ; -7.732541668695541 ; 
0.0 ; 0.0 ; 0.0 ; 0.0 ; 0.0 ; 0.0 ; 
-4.737608439896282 ; -4.781940303236971 ; -4.775586105254783 ; -4.7863321247538755 ; -5.7294173707905705 ; -8.502061631006303 ; 
-3.4413833865023267 ; -3.2931189707707507 ; -3.4826696373750052 ; -3.4975944557225 ; -4.462536166402765 ; -5.426357962902386 ; 
-4.843898457374234 ; -4.754509329627469 ; -4.876653765139329 ; -4.928639757569614 ; -7.271015660621489 ; -6.600677307776006 ; 
-5.97760102099401 ; -5.976164411656561 ; -5.984188436091888 ; -5.95197944120906 ; -7.474261253002922 ; -10.70834217749701 ; 
0.0 ; 0.0 ; 0.0 ; 0.0 ; 0.0 ; 0.0 ; 
-5.823193016926171 ; -5.74316395932802 ; -5.832022304866646 ; -5.853300515066765 ; -6.460948755724525 ; -7.306174792866562 ; 
-1.7135083881269393 ; -1.678113765966443 ; -2.307646137644121 ; -1.4071479558271736 ; 2.874990565672495 ; -7.273156287532961 ; 
0.12927426109681323 ; 0.09211624961573794 ; -1.9149760158570197 ; -0.26762916581025376 ; 5.942761533802926 ; -3.6787792951415876 ; 
-0.014704660519988283 ; -0.683354052733273 ; -3.097833271029883 ; 0.33784222791646856 ; 2.913938147039522 ; -7.270544896520372 ; 
0.0 ; 0.0 ; 0.0 ; 0.0 ; 0.0 ; 0.0 ; 
-0.09424877752428074 ; 4.305813104502298 ; -2.864601990726928 ; -0.17372683699528174 ; -5.008678236672613 ; -0.3516716031726709 ; 
1.111077190438579 ; 7.714652568255885 ; -0.38423854754836373 ; 1.1066448793486763 ; -2.9725142077940983 ; -0.40876870305389945 ; 
-0.7515590025435643 ; 4.348898155254371 ; -2.3707397415942166 ; 0.048067893879353285 ; -6.231000358165795 ; -1.2944249007604867 ; 
14.148201591329041 ; 13.074318308698746 ; 8.444327255465883 ; 14.432832639280617 ; 5.712320574854587 ; 19.999999999999986 ; 
0.0 ; 0.0 ; 0.0 ; 0.0 ; 0.0 ; 0.0 ; 
-5.602001100878082 ; -5.601852081140443 ; -5.591623928994331 ; -5.620779504381858 ; -8.895938413750498 ; -8.0920708663436 ; 
-4.283920345622195 ; -4.333737334916573 ; -4.303987975228407 ; -4.307746257099041 ; -4.6185597987599945 ; -6.9769924938370735 ; 
-5.5624793948800155 ; -5.558281593299274 ; -5.555432843628589 ; -5.548420638753931 ; -8.25216638754027 ; -8.35641992241538 ; 
-4.721897703352512 ; -4.688659900953153 ; -4.684407431707535 ; -4.740107450188334 ; -4.845755628745361 ; -8.348061498621801 ; 
0.0 ; 0.0 ; 0.0 ; 0.0 ; 0.0 ; 0.0 ; 
-4.739208710717513 ; -4.712484078331355 ; -4.690944570448866 ; -4.763008573164775 ; -5.336313874127321 ; -6.424803584092496 ; 
-3.4920024126638394 ; -3.378423092040398 ; -3.501989228675571 ; -3.5016920437616794 ; -4.524973150232702 ; -4.618016221995359 ; 
-4.8978292991700165 ; -4.900590892087622 ; -4.895976904449055 ; -4.881151072839877 ; -5.66296439993735 ; -5.741414625833977 ; 
-6.002126008472348 ; -5.9945295502259315 ; -6.020955010497548 ; -6.023434313096923 ; -9.16588949721259 ; -9.628104785356376 ; 
0.0 ; 0.0 ; 0.0 ; 0.0 ; 0.0 ; 0.0 ; 
-5.865694650729999 ; -5.871369028893758 ; -5.859802496646732 ; -5.885387348137783 ; -8.556674357610277 ; -7.418407738511177 ; 
-3.238034469047061 ; -3.7771758434049514 ; -3.380805291399869 ; 0.9133562148514484 ; -6.347236371237594 ; -5.669348014266247 ; 
-2.376572856528963 ; -2.3936490995868223 ; -2.372287446830754 ; 0.5135761724608583 ; -2.9246678655391 ; -3.7502903994907744 ; 
-3.567581160219978 ; -3.5720067716950394 ; -3.5581383163174856 ; -0.27976196209853865 ; -4.4838144795439545 ; -4.635717373703424 ; 
0.0 ; 0.0 ; 0.0 ; 0.0 ; 0.0 ; 0.0 ; 
-2.674414315474474 ; -2.6688006631263383 ; -2.6665962746522847 ; -1.1669430436387116 ; -3.61896178572138 ; -5.681559346590394 ; 
-0.9561792499119552 ; -0.6090570057458193 ; -0.9898195710569786 ; 3.198451817235382 ; -1.935463591 ; -1.0 ; 
-2.452076966263927 ; -2.4953364906447875 ; -2.380949047626791 ; 0.055922631358936103 ; -3.727458513932572 ; -4.41772509316494 ; 
1.472301791939967 ; -0.027941819094720377 ; 0.6006660286410115 ; 15.347192487779749 ; -1.1727579893285185 ; -1.4333680737314887 ; 
